title,company,location,posted_before,application_number,detail,description,url
Healthcare Assistant - No Experience Needed - Work In Ireland - Paid Relocation,Mercier Consultancy Bulgaria,Sweden,3 weeks ago,Over 100 applicants,N/A,"About the job
Mercier Consultancy BG is excited to offer a unique opportunity for aspiring Healthcare Assistants looking to launch their careers in Ireland. This role is perfect for individuals with no prior experience, as we provide comprehensive training and support. Additionally, we offer a paid relocation package to facilitate your move to Ireland. As a Healthcare Assistant, you will be integral in providing compassionate care and support to patients in various settings.

Key Responsibilities:

Assist patients with daily activities such as personal hygiene, dressing, and eating
Offer emotional support and companionship to promote patients' wellbeing
Maintain a clean and safe living environment in accordance with healthcare standards
Monitor patient conditions and report any changes to the nursing team
Engage patients in social and recreational activities to enhance their quality of life
Support the nursing staff with their daily tasks to ensure high-quality care
Participate in training sessions to develop your skills and understanding of patient care

Requirements

No prior experience is necessary; we are seeking motivated individuals eager to learn
Fluency in English is essential for effective communication with colleagues and patients
A caring and compassionate attitude is crucial for providing excellent patient care
Ability to work collaboratively in a team; independent work ethic is also important
Strong attention to detail and good organizational skills are required
Willingness to adhere to healthcare policies and procedures
Openness to relocating to Ireland and exploring a new cultural experience

Benefits

Competitive salary (‚Ç¨28,000-‚Ç¨30,000 depending on experience and location)
Paid training and ongoing career development
Full-time guaranteed contracts
Free uniform and parking
Flight fares paid
Cycle to work scheme
Employee assistance and wellbeing program
Supportive, friendly working environments and a warm Irish welcome 
Relocation assistance to help candidates settle comfortably in Ireland 
Help with identifying job opportunities for accompanying family members",https://www.linkedin.com/jobs/search/?currentJobId=4269101191&keywords=&location=Sweden&start=0
Spontanans√∂kan,Sk√•ne Stadsmission,"Malmo, Sk√•ne County, Sweden",1 week ago,36 people clicked apply,N/A,"About the job
Sk√•ne Stadsmission g√∂r varje dag skillnad f√∂r m√§nniskor som lever i utsatta livssituationer genom innovativt och professionellt socialt arbete. Stadsmissionens v√§rdegrund s√§tter den enskilda m√§nniskan i fokus och ambitionen √§r att deltagarna ska f√• √∂kad livskvalitet och egenmakt. F√∂r Stadsmissionens medarbetare st√•r alltid m√§nskliga r√§ttigheter i fokus. Tillsammans skapar vi ett medm√§nskligare Sk√•ne.

Vill du vara med?

Sk√•ne Stadsmission bildades 1916 och √§r en frist√•ende, id√©buren organisation som driver professionell, social verksamhet f√∂r m√§nniskor i heml√∂shet, beroendeproblematik och annan social utsatthet.

Organisationen finns p√• tre orter i Sk√•ne: Malm√∂, Kristianstad och Helsingborg. De olika verksamheterna v√§nder sig b√•de till kvinnor och m√§n, unga som √§ldre.

Det dagliga arbetet sp√§nner fr√•n akut n√∂dhj√§lp till strukturerat f√∂r√§ndringsarbete f√∂r individen. Arbetet, som utf√∂rs av utbildad och erfaren personal, utg√•r alltid fr√•n ett helhetsperspektiv och har den enskilda m√§nniskans behov i fokus.

Sk√•ne Stadsmission arbetar ocks√• med f√∂r√§ndring √§ven i ett st√∂rre sammanhang, genom att belysa or√§ttvisor och skapa opinion d√§r vi ser att det finns behov. Det handlar d√• fr√§mst om att √∂ka medvetenheten om m√§nniskors utsatthet och livsvillkor och d√§rmed √§ven skapa och kanalisera engagemang i samh√§llet.

Vi l√§gger l√∂pande ut vakanta tj√§nster. Finner du inga lediga tj√§nster som passar dig? D√• √§r du varmt v√§lkommen att skicka in en spontanans√∂kan!",https://www.linkedin.com/jobs/search/?currentJobId=4278729231&keywords=&location=Sweden&start=0
"Badv√§rd till Paradiset, timvikariat",√ñrnsk√∂ldsviks kommun,"√ñrnsk√∂ldsviks kommun, V√§sternorrland County, Sweden",4 weeks ago,0 people clicked apply,N/A,"About the job
Samh√§llsbyggnadsf√∂rvaltningens uppdrag √§r att aktivt verka f√∂r att bygga en s√§ker, trygg och h√•llbar kommun med en god milj√∂ f√∂r alla som bor, verkar och bes√∂ker √ñrnsk√∂ldsvik.

Vi s√∂ker dig som s√§tter s√§kerheten f√∂rst, men som samtidigt st√•r f√∂r ett gott v√§rdskap, √§r engagerad och genomf√∂r ditt uppdrag med ett leende. Du h√§lsar p√• kunden och √§r positiv i din utstr√•lning, du √§r flexibel, och interagerar g√§rna med v√•ra g√§ster f√∂r att skapa minnesv√§rda upplevelser f√∂r alla. Vi s√∂ker b√•de dig som bara kan arbeta kv√§llar och helger likv√§l som dig som √§ven kan arbeta p√• dagtid.

Paradiset Bad Spa Tr√§ning √§r en del av samh√§llsbyggnadsf√∂rvaltningen och ansvarar f√∂r att erbjuda inv√•narna en kvalitativ och trygg bad-, spa- och tr√§ningsanl√§ggning. Paradiset str√§var efter att vara en m√∂tesplats d√§r m√§nniskor kan tr√§ffas √∂ver generationsgr√§nser, umg√•s, tr√§na och koppla av. Paradisets gemensamma syfte √§r att skapa gl√§djefulla och energigivande upplevelser f√∂r alla!

En god badv√§rd s√§tter g√§sten i f√∂rsta rummet. Du kommer att ansvara f√∂r s√§kerhet och bevakning samt att sk√∂ta om fastigheten. Du kommer √§ven att f√• l√§ra dig hur man h√•ller en aufguss-sittning, i v√•r spa-avdelning.

P√• Paradiset √§r vi totalt 24 tillsvidareanst√§llda d√§r alla har m√•ls√§ttningen att vara i framkant n√§r det g√§ller utveckling inom bad- och spaverksamheten med h√∂gt kvalitetst√§nkande och med v√•ra g√§ster i fokus.

Vid eventuell anst√§llning ska utdrag ur Polisens belastningsregister visas upp f√∂r arbetsgivaren.

Vi ser g√§rna spr√•kkunskaper i finska och/eller n√•gon av de samiska varieteterna d√• √ñrnsk√∂ldsviks kommun ing√•r i b√•de finskt och samiskt f√∂rvaltningsomr√•de.I v√•r kommun √§r ett antal tj√§nster placerade i s√§kerhetsklass s√• s√§kerhetspr√∂vning kan komma att ske. Dessa tj√§nster kr√§ver svenskt medborgarskap.I denna rekrytering har vi gjort v√•ra val av annonseringskanaler och undanber oss kontakt fr√•n rekryteringsbolag eller annonss√§ljare.

Anst√§llningsform: visstidsanst√§llning (kortare √§n 10 dagar) | Anst√§llningens omfattning: heltid | Antal lediga befattningar: 8 | Syssels√§ttningsgrad: 0-75% | Ort: √ñrnsk√∂ldsvik | L√§n: V√§sternorrlands l√§n | Land: Sweden | Referensnummer: 2025/263 | Kontakt: David Berglund, enhetschef 0660-88591, | Facklig f√∂retr√§dare: Kommunal, ornskoldsvik.m-norrland@kommunal.se 010-4429767, | Publicerat: 2025-06-26 | Sista ans√∂kningsdag: 2025-08-17",https://www.linkedin.com/jobs/search/?currentJobId=4265323393&keywords=&location=Sweden&start=0
Seglingsinstrukt√∂r Jubileumsparken,Passalen,"Gothenburg, V√§stra G√∂taland County, Sweden",4 days ago,0 people clicked apply,N/A,"About the job
This job is sourced from a job board. Learn More
Om Passalen

Passalen √§r en ideell f√∂rening som verkar f√∂r ett mer inkluderande samh√§lle som ser potentialen i alla barn. Vi skapar inkludering f√∂r barn och unga med funktionsvariation som beh√∂ver st√∂d med att organisera sin fritid, hitta en kompis eller prova p√• att feriearbete samt bedriver verksamhet som fr√§mjar m√∂ten mellan m√§nniskor.

Passalen √§r kollektivavtalsanslutna och finns p√• flera orter i Sverige. Som anst√§lld hos oss utvecklas och l√§r du p√• arbetet och bidrar till ett mer inkluderande och socialt h√•llbart samh√§lle.

Om Jubileumsparken

Jubileumsparken ligger i Frihamnen i G√∂teborg. H√§r kan du bland annat bes√∂ka hamnbadet, prova p√• segling, kanotpaddling eller bes√∂ka bastun. Sommaren 2023 √∂ppnade en gr√∂nare och st√∂rre park med fler pooler och 2024 var det √•terinvigning av den popul√§ra bastun.

Jubileumsparken drivs av f√∂reningen Passalen genom ett IOP (id√©buret offentligt partnerskap), mellan Passalen och G√∂teborgs stad. Tillsammans med G√∂teborgs Stad tar vi oss an utmaningen att g√∂ra Jubileumsparken till en √∂ppen och inkluderande m√∂tesplats d√§r alla ska k√§nna sig v√§lkomna.

Arbetsbeskrivning

Som seglingsinstrukt√∂r kommer du hj√§lpa parkens bes√∂kare att segla i v√•ra accessjollar. En accessjolle √§r byggd f√∂r att alla ska kunna segla i den ‚Äì den √§r l√§tt att segla och sv√•r att v√§lta. Arbetet sker p√• dagtid under veckodagarna och √§r fr√§mst p√• v√•r seglingsskola f√∂r stadens skolklasser. D√• kommer skolklasser och provar p√• segling och f√•r instruktioner av v√•ra instrukt√∂rer.

Du kommer tillsammans med ett seglingsteam h√§lsa bes√∂kare v√§lkomna, visa hur seglingen g√•r till och hj√§lpa dem och ansvara f√∂r s√§kerheten under tiden de √§r d√§r.

Exempel p√• arbetsuppgifter

 Rigga upp och ner b√•tar
 Instruera barn och vuxna i hur man seglar
 K√∂ra motorb√•t och ansvara f√∂r en s√§ker seglingsaktivitet
 St√§da och h√•lla rent i parken

Om dig

Vi s√∂ker dig som tycker om att arbeta ute i alla v√§der, gillar att samarbeta och l√§ra dig nya saker.

Det √§r inget krav p√• tidigare seglingserfarenhet. Du kommer att f√• en introducerande utbildning och f√• l√§ra dig p√• plats, och d√§r finns andra i teamet som har erfarenhet av seglingen sedan tidigare.

D√• segling √§r en vattenaktivitet beh√∂ver du kunna simma minst 200 meter, varav 50 rygg. Det kontrolleras innan anst√§llningen b√∂rjar.

Det allra viktigaste √§r att du har en nyfikenhet och en vilja att l√§ra dig. Du beh√∂ver vara tillg√§nglig hela perioden v. 35-39.

D√• Jubileumsparken ska vara en allm√∂tesplats v√§lkomnar vi alla ans√∂kningar. Bland det viktigaste f√∂r oss √§r att vi har en bra mix av anst√§llda. Vi l√§gger stor vikt vid personlig l√§mplighet.

Meriterande

 Erfarenhet av segling
 Erfarenhet av att k√∂ra motorb√•t
 Erfarenhet av arbete med barn och unga
 Hj√§rt- och lungr√§ddningsutbildning
 Om du kan arbeta hela perioden

√ñppen f√∂r alla Vi fokuserar p√• din kompetens, inte dina √∂vriga f√∂ruts√§ttningar. Vi √§r √∂ppna f√∂r att anpassa rollen eller arbetsplatsen efter dina behov.",https://www.linkedin.com/jobs/search/?currentJobId=4280738673&keywords=&location=Sweden&start=0
Konditoribitr√§de ca. 75%,LANDINGS HOVKONDITORI AB,"Uppsala, Uppsala County, Sweden",4 weeks ago,7 people clicked apply,N/A,"About the job
This job is sourced from a job board. Learn More
Landings √§r ett traditionellt konditori med eget bageri i centrala Uppsala d√§r vi s√§tter kvalit√© och service i fokus.

F√∂r att lyckas i rollen som konditoribitr√§de beh√∂ver du ha en positiv inst√§llning, vara ordningsam samt trivas med att arbeta effektivt i ett varierat arbetstempo. Som konditoribitr√§de har du ett stort fokus p√• f√∂rs√§ljning och kundservice men utf√∂r √§ven enklare k√∂ksarbete samt disk. Erfarenhet inom service, s√§lj och cafe/konditori √§r meriterande men inget krav.

Tj√§nsten innefattar arbete p√• vardagar med varierande arbetstider samt en helg i m√•naden och p√•b√∂rjas i augusti/september.

Tj√§nsten √§r en tillsvidaretj√§nst med 6 m√•naders provanst√§llning. Vi h√•ller intervjuer l√∂pande och √∂nskar d√§rf√∂r din ans√∂kan snarast.",https://www.linkedin.com/jobs/search/?currentJobId=4265644436&keywords=&location=Sweden&start=0
Hemst√§dare/Home cleaner to Freska Malm√∂!,The Studio Group Sweden AB,"Malmo, Sk√•ne County, Sweden",1 week ago,5 people clicked apply,N/A,"About the job
This job is sourced from a job board. Learn More
Do you have experience in home cleaning and want to work within a company that gives the opportunity to grow and develop? Or are you in the beginning of your career and want to work in a company that offers high quality training and a safe employment? Apply to become one of our amazing home cleaners!

Freska - More than just a cleaning company üíô

Freska is one of the fastest growing companies with one goal in mind; to make Freska the best, most recommended workplace for service workers in Europe. In fact, our values; People first, Growth and Responsibility symbolize ways that we are working to make Freska a better workplace. Your day to day work, future goals and ambitions matter to us. Among other things we have developed a career path for our home cleaners as well as a support system to try to make everyday work life run as smoothly as possible. No matter if this is a job for you who wants to advance in your career, a safe employment or even start your first job here in Sweden, we are here for you!

We have come a long way to reach our goal and are always striving to find ways to improve. So far we have the possibility to offer our employees:

Collective agreement
Health benefits
Paid travel time between customers
Career opportunities
Training and coaching in home cleaning
A tight-knit team with a team leader to support you in the daily work
Immediate support from the office during your working day
Possibility to affect your salary through bonuses
Steady schedule that locks seven days prior
Overtime is always paid every month, no timebank!
An hourly contract with possibility to have guaranteed hours

About The Job üëá

You will work in our customers most beloved place - their home. A home cleaning includes dusting, vacuuming and mopping. It is of great advantage if you have a sense of details. Your primary work tool will be our Freska Pro app where you will be able to see your schedule, customer information and general information about Freska.

With that being said, being a home cleaner also comes with some responsibility, therefore we are looking for someone who:

Speaks Swedish or English
Can work flexibly between our working hours 07.00-18.00. 
Has a valid working permit
Has experience in cleaning, advantage but no requirement

Apply now!



Har du erfarenhet av hemst√§dning och vill arbeta inom ett f√∂retag som ger dig m√∂jlighet att v√§xa och utvecklas? Eller √§r du i b√∂rjan av din karri√§r och vill arbeta p√• ett f√∂retag som erbjuder h√∂gkvalitativ utbildning och en trygg anst√§llning? Ans√∂k om att bli en av v√•ra fantastiska hemst√§dare!

Freska - Mer √§n bara en st√§dfirma üíô

Freska √§r ett av de snabbast v√§xande f√∂retagen med ett m√•l i sikte; att g√∂ra Freska till den b√§sta och mest rekommenderade arbetsplatsen f√∂r hemst√§dare i Europa. Faktum √§r att v√•ra v√§rderingar; M√§nniskor f√∂rst, Tillv√§xt och Ansvarstagande symboliserar hur vi arbetar f√∂r att g√∂ra Freska till den b√§sta arbetsplatsen. Ditt dagliga arbete, framtida m√•l och ambitioner √§r viktiga f√∂r oss. Vi har bland annat utvecklat en karri√§rv√§g f√∂r v√•ra hemst√§dare samt daglig support f√∂r att f√• arbetet att fungera s√• smidigt som m√∂jligt. Oavsett om detta √§r ett jobb f√∂r dig som vill avancera i din karri√§r, en trygg anst√§llning eller till och med b√∂rja ditt f√∂rsta jobb h√§r i Sverige, vi finns h√§r f√∂r dig!

Vi har kommit en l√•ng v√§g f√∂r att n√• v√•rt m√•l och str√§var alltid efter att hitta v√§gar f√∂r att utvecklas. Hittills har vi m√∂jlighet att erbjuda v√•ra anst√§llda:

Kollektivavtal
Friskv√•rdsbidrag
Betald restid mellan kunder
Karri√§rm√∂jligheter
Utbildning och coachning inom hemst√§dning
Ett sammansvetsat team med en teamledare som st√∂djer dig i det dagliga arbetet
Omedelbart st√∂d fr√•n kontoret under din arbetsdag
M√∂jlighet att p√•verka din l√∂n genom bonus
Stadigt schema som l√•ses sju dagar innan
√ñvertid betalas alltid ut varje m√•nad, ingen tidsbank!
Ett timkontrakt med m√∂jlighet till garanterade timmar

Om jobbetüëá

Du kommer att arbeta i v√•ra kunders mest √§lskade plats - deras hem. En hemst√§dning inkluderar att damma, dammsuga och moppa. Det √§r en stor f√∂rdel om du har k√§nsla f√∂r detaljer. Ditt prim√§ra arbetsverktyg √§r v√•r Freska Pro-app d√§r du kommer att se ditt schema, information om kunden och allm√§n information om Freska.

Med det sagt, att vara hemst√§dare kommer ocks√• med ett visst ansvar d√§rf√∂r s√∂ker vi n√•gon som:

talar svenska eller engelska
kan arbeta flexibelt mellan v√•ra arbetstider 07.00-18.00
har ett giltigt arbetstillst√•nd
Har erfarenhet av st√§dning, meriterande men inget krav

Ans√∂k nu!",https://www.linkedin.com/jobs/search/?currentJobId=4276231096&keywords=&location=Sweden&start=0
Flight Attendant,Confidential Co.,EMEA,12 hours ago,Over 100 people clicked apply,N/A,"About the job
Your next adventure starts here ‚Äì join a world-leading airline and make every journey unforgettable.
At Imploy, we believe great people make great companies. As a trusted recruitment partner, we connect exceptional individuals with inspiring opportunities. Today, we‚Äôre hiring on behalf of a globally renowned international airline, and we‚Äôre looking for passionate, people-focused Flight Attendants ready to bring comfort, care, and confidence to travelers across the globe.
This is a full-time role, open to candidates across the EMEA region, with remote onboarding and training provided.
What You‚Äôll Be Doing
As a Flight Attendant, you're not just getting people from point A to point B ‚Äî you‚Äôre turning travel into a truly memorable experience. From helping a nervous first-time flyer feel at ease, to calmly handling mid-flight situations, you'll be the heart of the cabin.
Your day-to-day will include:
Keeping passengers safe by following all safety and emergency procedures.
Offering friendly, professional service to make everyone on board feel welcome and supported.
Leading safety demonstrations and assisting with boarding, in-flight service, and arrival.
Staying calm and taking charge in any situation ‚Äî from turbulence to medical events.
Keeping the cabin tidy and organized, and completing all necessary flight reports.
Being a true team player ‚Äî supporting your fellow crew and making the whole journey smooth.
What We‚Äôre Looking For
We‚Äôre not just looking for experience ‚Äî we‚Äôre looking for the right attitude. If you love meeting new people, have a calm and caring nature, and thrive in a fast-paced environment, you might be the perfect fit.
Here‚Äôs what helps you stand out:
Background in customer service, hospitality, or similar roles ‚Äî airline experience is a bonus.
Great communication skills and a natural way with people.
Fluency in English; additional languages are a plus.
Professional, polished appearance and positive attitude.
Willingness to work shifts, weekends, and travel internationally.
Physically fit and able to meet international airline health and height requirements.
A valid passport and the freedom to travel across borders.
What You‚Äôll Get
A full-time role with remote training and onboarding if you're based in the EMEA region.
Flight benefits, a competitive salary, and attractive allowances.
A chance to travel the world while building a global career.
A truly inclusive, multicultural team that feels like a second family.
Career growth opportunities within one of the most respected names in aviation.
üì© Apply Now
If you‚Äôre excited by the idea of seeing the world, connecting with people from all walks of life, and creating meaningful travel experiences ‚Äî we‚Äôd love to meet you. Let your career take off with us!",https://www.linkedin.com/jobs/search/?currentJobId=4282616947&keywords=&location=Sweden&start=0
Vi s√∂ker vassa r√•dgivare med s√§ljfokus f√∂r uppdrag hos operat√∂ren Tre!,Tellsome,"Malmo, Sk√•ne County, Sweden",1 week ago,1 person clicked apply,N/A,"About the job
Driven r√•dgivare med s√§ljfokus till Tellsome i Malm√∂!
Vill du jobba i en inspirerande milj√∂ d√§r du f√•r m√∂jlighet att p√•verka din egen l√∂n och utvecklas i din yrkesroll? Tellsome s√∂ker nu entusiastiska r√•dgivare med s√§ljfokus som vill ha m√∂jligheten att avg√∂ra sin egen l√∂n!

Om Tellsome
Vi √§r en oberoende √•terf√∂rs√§ljare inom mobil telekommunikation som arbetar med direktf√∂rs√§ljning mot konsumenter p√• den svenska marknaden. V√•ra ljusa och moderna lokaler √§r bel√§gna precis bakom Lilla torg i Malm√∂, d√§r vi fokuserar p√• att skapa en familj√§r och trivsam arbetsmilj√∂. Du kan f√• en inblick i v√•r vardag genom att bes√∂ka v√•r Instagram, @Tellsome.

Vad vi erbjuder
Deltidstj√§nst p√• en stabil och rolig arbetsplats
Moderna lokaler i centrala Malm√∂
Gener√∂s l√∂nemodell utan l√∂netak
Gener√∂sa provisioner och bonusar
M√∂jlighet att utvecklas b√•de personligen och i din yrkesroll
T√§vlingar med vinster som presentkort, bonusar, el-scooter och resor
En s√§ljcoach som har blivit utn√§mnd till Sveriges b√§sta s√§ljare inom operat√∂ren Tre och har slagit f√∂rs√§ljningsrekord genom tiderna. Denna coachning kommer att hj√§lpa dig att prestera p√• topp och maximera din l√∂n!

Om rollen
De b√§sta s√§ljarna p√• Tellsome har en l√∂n p√• upp till 80,000 kr, med en snittl√∂n p√• 24,000 kr. Du kommer att arbeta med marknadens absolut b√§sta s√§lj/CRM-system ""Retailer"" och ha st√∂d fr√•n ett team av 8 dedikerade agenter som hanterar all administration.
Arbetstider: M√∂jlighet att arbeta mellan 16:00 och 21:00, m√•ndag till s√∂ndag. Det √§r inte obligatoriskt att arbeta alla dessa dagar, utan vi erbjuder flexibilitet att anpassa ditt schema efter dina behov.

Vi s√∂ker dig som
Har h√∂g social kompetens och √§r t√§vlingsinriktad
Brinner f√∂r f√∂rs√§ljning och har h√∂g arbetsmoral
Har god kommunikativ f√∂rm√•ga och erfarenhet av att g√∂ra aff√§rer via telefon
√Ñr van vid att hantera olika typer av m√§nniskor och f√∂rst√•r vikten av ett gott bem√∂tande
Erfarenhet inom telemarketing √§r en f√∂rdel men inget krav

Rekryteringsprocess
V√•r rekryteringsprocess √§r till st√∂rsta delen digital. Du kommer f√• viktig information via sms och mail n√§r du g√•r vidare i processen, s√• se till att ha koll p√• din mobil. Intervjuer sker l√∂pande och vi uppmanar dig att skicka in din ans√∂kan s√• snart som m√∂jligt f√∂r att inte missa chansen till en intervju.

Ans√∂kan
Vill du starta din karri√§r hos oss omg√•ende? Skicka din ans√∂kan idag och bli en del av Tellsome-familjen! 

Har du fr√•gor eller funderingar kring tj√§nsten tvivla inte p√• att skicka ett meddelande till Felicia Zether eller Andi Bara h√§r p√• Linkedin!",https://www.linkedin.com/jobs/search/?currentJobId=4271247197&keywords=&location=Sweden&start=0
Vi s√∂ker kreativ videoproducent / content creator,Analysvulle,"Halmstad, Halland County, Sweden",44 minutes ago,0 applicants,N/A,"About the job
Vi s√∂ker kreativ videoproducent / content creator

Vi letar efter en kreativ och driven person som vill filma, klippa och publicera inspirerande inneh√•ll inom sport, tr√§ning och h√§lsa. Du kommer √§ven f√• m√∂jlighet att vara delaktig i v√•ra event och andra sp√§nnande projekt.

Tj√§nsten √§r p√• deltid och du f√•r timl√∂n. F√∂r r√§tt person finns goda m√∂jligheter att v√§xa med oss och p√• sikt utveckla rollen till en heltidstj√§nst.

üì© Skicka din intresseanm√§lan med en kort presentation av dig sj√§lv och g√§rna exempel p√• tidigare arbete till vuk@jvacademy.se",https://www.linkedin.com/jobs/search/?currentJobId=4280646654&keywords=&location=Sweden&start=0
Lagerarbetare till Apotek Hj√§rtat i Norrk√∂ping | Heltid,Manpower Sweden,"Norrk√∂ping, √ñsterg√∂tland County, Sweden",2 weeks ago,58 people clicked apply,N/A,"About the job
Letar du efter ett fysiskt och varierande jobb d√§r du g√∂r verklig skillnad varje dag? √Ñr du noggrann, strukturerad och trivs med att arbeta i ett h√∂gt tempo? D√• kan detta vara n√§sta steg i din karri√§r! Vi p√• Manpower s√∂ker nu engagerade lagerarbetare p√• heltid till Apotek Hj√§rtats distributionscentral i Norrk√∂ping. V√§lkommen med din ans√∂kan!

Den h√§r bemanningen √§r ett samarbete mellan oss p√• Manpower och v√•r kund. Du kommer att bli anst√§lld av Manpower men arbeta p√• plats hos kund.

Om tj√§nsten som lagerarbetare

Som lagerarbetare p√• Apotek Hj√§rtat arbetar du med att plocka och packa l√§kemedel och h√§lsoartiklar f√∂r leverans till kunder runt om i Sverige. Arbetet sker med hj√§lp av handdator, d√§r du f√∂ljer digitala instruktioner f√∂r att s√§kerst√§lla att r√§tt produkter packas med h√∂g kvalitet och noggrannhet.

Du blir en viktig del av logistikfl√∂det och ser till att Apotek Hj√§rtats kunder f√•r sina best√§llningar snabbt, s√§kert och i r√§tt tid. Arbetsuppgifterna √§r fysiska, varierade och kr√§ver b√•de tempo och noggrannhet.

√ñvrigt

Omfattning: Heltid, 100%

Placeringsort: Norrk√∂ping

Vem s√∂ker vi?

Vi S√∂ker Dig Som

Har god arbetsmoral och √§r noggrann i ditt arbetss√§tt
Trivs med fysiskt arbete i ett h√∂gt tempo
Har god samarbetsf√∂rm√•ga men ocks√• kan arbeta sj√§lvst√§ndigt
√Ñr ansvarstagande och gillar att ta egna initiativ
Har god f√∂rst√•else f√∂r svenska i tal och skrift

Det √§r meriterande om du tidigare arbetat inom lager eller logistik, men det √§r inget krav - din inst√§llning och vilja att l√§ra √§r viktigast!

Erbjudande

Vi p√• Manpower hj√§lper dig att forma din framtid utifr√•n din kompetens samt dina behov och √∂nskem√•l. Vi samarbetar med m√•nga attraktiva f√∂retag och kan √∂ppna d√∂rren till intressanta och sp√§nnande uppdrag. Som resurskonsult hos oss f√•r du en anst√§llning med allt vad det inneb√§r i form av marknadsm√§ssig l√∂n, √∂vertidsers√§ttning, semester, tj√§nstepension och f√∂rs√§kringar enligt kollektivavtal. Friskv√•rdsbidrag och f√∂retagsh√§lsov√•rd ing√•r ocks√•.

Givetvis har du en konsultchef som finns tillg√§nglig f√∂r dig under hela din anst√§llningsperiod och som √§r ansvarig f√∂r dina uppdrag, att du trivs p√• din arbetsplats och att du utvecklas i din yrkesroll.

Om ambulerande-rollen

Som konsult hos oss f√•r du m√∂jligheten att m√∂ta nya utmaningar, skapa nya kontakter och bredda din erfarenhet genom att arbeta p√• olika sp√§nnande uppdrag hos v√•ra kunder inom ett geografiskt omr√•de.

S√∂k tj√§nsten idag!

Den h√§r tj√§nsten inneb√§r att du kommer att bli anst√§lld av Manpower men du kommer att tillbringa dina arbetsdagar hos v√•r kund. Vid fr√•gor √§r du v√§lkommen att kontakta ansvarig rekryterare Emelie Schulze Schulze, Emelie.Schulze.Schulze@manpower.se. Vi arbetar med l√∂pande urval s√• skicka in din ans√∂kan omg√•ende men notera att vi INTE tar emot ans√∂kningar via mail.

P√•minnelse inf√∂r ans√∂kan

F√∂r att vi ska kunna granska din ans√∂kan p√• b√§sta s√§tt ber vi dig att tydligt beskriva din tidigare arbetslivserfarenhet. Ange dina tidigare arbetsplatser, din titel och tidsperioden f√∂r varje arbete. Om du √§ven har arbetat √•t ett bemanningsf√∂retag tidigare, vill vi g√§rna veta det ocks√•.

Notera att vi inte tar emot ans√∂kningar via mail!

Om Manpower

Manpower √§r Sveriges ledande rekryterings- och bemanningsf√∂retag med tiotusentals attraktiva arbetsgivare √∂ver hela landet som v√•ra kunder. Med v√•rt omfattande n√§tverk, lokalt s√•v√§l som globalt, kan vi erbjuda m√§ngder av sp√§nnande lediga jobb som hj√§lper dig att bygga din karri√§r, b√•de p√• kort och l√•ng sikt. Hos oss kan du s√∂ka heltidsjobb eller extrajobb vid sidan av studierna.",https://www.linkedin.com/jobs/search/?currentJobId=4271807949&keywords=&location=Sweden&start=0
"Taxif√∂rare s√∂kes Bolt, Vinka & Uber",VINKA,"Malmo, Sk√•ne County, Sweden",1 week ago,5 people clicked apply,N/A,"About the job
This job is sourced from a job board. Learn More
Tj√§na √∂ver 30.000kr/M√•n!

Har du taxilegitimation och vill jobba som taxif√∂rare samt vill v√§lja dina egna arbetstider, bor du i Malm√∂ eller Helsingborg s√• √§r detta ett jobb f√∂r dig!

Provisionsbaserad m√•nadsl√∂n 45% p√• ink√∂rt belopp

Dag/kv√§ll: 05-17 eller 17-05

Mejla din ans√∂kan till: Vinkataxi@gmail.com

√ñppen f√∂r alla Vi fokuserar p√• din kompetens, inte dina √∂vriga f√∂ruts√§ttningar. Vi √§r √∂ppna f√∂r att anpassa rollen eller arbetsplatsen efter dina behov.",https://www.linkedin.com/jobs/search/?currentJobId=4273054694&keywords=&location=Sweden&start=0
M√§nniskor√§ttsaktivist ‚Äì Ideellt engagemang f√∂r Iran (Distans),Setadepad sweden,Sweden,2 weeks ago,9 applicants,N/A,"About the job
Vi s√∂ker engagerade volont√§rer som vill vara en del av kampen f√∂r m√§nskliga r√§ttigheter i Iran.
Genom fredlig aktivism, informationsspridning och digital p√•verkan arbetar vi f√∂r att ge r√∂st √•t de oskyldiga som f√§ngslats, torterats och tystats av den islamiska regimen.

. Ditt uppdrag kan inkludera:
‚Äì Sprida information p√• sociala medier
‚Äì St√∂tta internationella kampanjer
‚Äì Kontakta organisationer f√∂r m√§nskliga r√§ttigheter
‚Äì Hj√§lpa till med √∂vers√§ttning eller inneh√•llsskapande

üåç Distansarbete ‚Äì du best√§mmer sj√§lv hur mycket tid du vill bidra med.

Tillsammans lyfter vi r√∂sten f√∂r dem som inte l√§ngre kan tala.
 
English 

We are looking for committed volunteers to join the peaceful struggle for human rights in Iran.
Through non-violent activism, information sharing and digital advocacy, we aim to be the voice of those who have been imprisoned, tortured and silenced by the Islamic regime.

. Your tasks may include:
‚Äì Sharing information on social media
‚Äì Supporting international campaigns
‚Äì Contacting human rights organizations
‚Äì Assisting with translation or content creation

üåç Remote work ‚Äì you decide how much time you want to contribute.

Together, we raise our voices for those who can no longer speak.",https://www.linkedin.com/jobs/search/?currentJobId=4268005782&keywords=&location=Sweden&start=0
Receptionist f√∂r hotellreceptionen,Varbergs Stadshotell & Asia Spa,"G√§vleborg County, Sweden",1 week ago,2 people clicked apply,N/A,"About the job
Varbergs Stadshotell & Asia Spa √§r ett hotell med m√•nga upplevelser och ett sp√§nnande asiatiskt spa. H√§r blandas st√§mningsfull sekelskiftesatmosf√§r med tusen√•riga influenser fr√•n √∂sterlandet. Vi har totalt 178 hotellrum varav 66 av dessa √§r Boutique-rum, alla inredda med en unik touch och med individuell inredning. Stor restaurangverksamhet bland annat a la carte restaurang, flera barer, bistro med mera. Vi har √§ven 20 konferenslokaler, en egen h√∂rsal och en magnifik festv√•ning. Varbergs Stadshotell & Asia Spa √§r en del av Lotus Hotel Group, en hotellgrupp med m√•let att skapa fantastiska upplevelser f√∂r g√§ster. Tillsammans skapar vi resm√•l av h√∂gsta kvalit√© d√§r passion och yrkesstolthet r√•der. P√• v√•ra hotell finner du unika rum f√∂r avkoppling, god mat och dryck, evenemang, konferens och sp√§nnande m√∂ten.

Vi s√∂ker nu kollega till v√•rt fantastiska team i hotellreceptionen f√∂r tillsvidareanst√§llning.

Om tj√§nsten

Arbetet som hotellreceptionist handlar i f√∂rsta hand om att v√§lkomna och ge v√•ra g√§ster den b√§sta service. Arbetsuppgifterna √§r mycket omv√§xlande och best√•r bland annat av att checka in/ut g√§ster, kassahantering, bokning, administrativt planeringsarbete och s√§kerhetsarbete. Du √§r √§ven behj√§lplig i v√•r lobbybar samt ett antal andra varierande uppgifter. Hotellreceptionen √§r hj√§rtat i v√•r anl√§ggning och du kommer att ha mycket god insikt i v√•ra olika avdelningar.

Om dig

Du har flera √•rs erfarenhet av arbete som hotellreceptionist och det √§r meriterande om du arbetat med andra arbetsuppgifter p√• hotell och/eller annan servicebransch. Du brinner f√∂r m√∂tet med m√§nniskor och √§lskar att ge service.

Vidare har du god datorvana och √§r bekant med hotellbokningssystem. Du √§r noggrann, strukturerad och beh√§rskar engelska i tal och skrift. Arbetet √§r mycket omv√§xlande b√•de i rutiner och tider d√• arbetstiderna √§r f√∂rlagda b√•de dagtid och kv√§llar.

F√∂rm√•ner

Som anst√§lld p√• Varbergs Stadshotell & Asia Spa f√•r du en rad f√∂rm√•ner exempelvis i form av friskv√•rdsbidrag, rabatter och tillg√•ng till gym och spa i m√•n av plats med mera. Du f√•r arbeta i en inspirerande milj√∂ och har en trygg anst√§llning d√• f√∂retaget √§r anslutet till Visita och har kollektivavtal med HRF.

LOTUS HOTEL GROUP

Varbergs Stadshotell & Asia Spa √§r en del av Lotus Hotel Group ‚Äì en hotellfamilj d√§r vi skapar fantastiska upplevelser f√∂r v√•ra g√§ster. V√•ra hotell bjuder p√• fyra unika destinationer ‚Äì Varbergs Stadshotell & Asia Spa, Arken Hotel & Art Garden Spa, H√¥tel Eggers & Billingehus ‚Äì men gemensamt √§r v√•r passion. Vi brinner f√∂r att skapa upplevelser ut√∂ver det vanliga och att f√• g√§sten att l√§ngta till n√§sta g√•ng. Vi verkar i lokalt starka, historiska och sp√§nnande milj√∂er. H√§r finner du milj√∂er f√∂r avkoppling, god mat och dryck, evenemang, konferens och sp√§nnande m√∂ten ‚Äì platser d√§r vardagen alltid k√§nns avl√§gsen.

Genom v√•rt eget g√§stserviceprogram Proud with Passion, arbetar vi med passion och yrkesstolthet f√∂r att tillsammans leverera b√§sta kvalit√©. Vi √§r √§ven stolta √∂ver att vi inspirerar, tar ansvar och aktivt bidrar till ett h√•llbart och b√§ttre samh√§lle. Bland annat genom att √•rligen utmana oss sj√§lva med √∂kade h√•llbarhetskrav, Svanen-m√§rkningar och egna vindkraftsverk.

Anst√§llningsform: tillsvidareanst√§llning | Anst√§llningens omfattning: deltid | Antal lediga befattningar: 1 | Syssels√§ttningsgrad: 70% | Ort: Varberg | L√§n: Hallands l√§n | Land: Sweden | Referensnummer: 2025/48 | Kontakt: Angelica Str√∂mqvist 0340690159, | Publicerat: 2025-07-31 | Sista ans√∂kningsdag: 2025-08-31",https://www.linkedin.com/jobs/search/?currentJobId=4274212472&keywords=&location=Sweden&start=0
R√•dgivare till Sparbanken Alings√•s - V√•rg√•rdakontoret,Sparbanken Allings√•s,"V√•rg√•rda, V√§stra G√∂taland County, Sweden",3 days ago,2 people clicked apply,N/A,"About the job
Nu s√∂ker vi en vikarierande R√•dgivare till V√•rg√•rdakontoret med inriktning p√• b√•de

privat- och f√∂retagskunder.

Vi s√∂ker dig som brinner f√∂r att hj√§lpa m√§nniskor till en sund och h√•llbar ekonomi och att skapa en ekonomisk trygghet i vardagen f√∂r v√•ra kunder. Vi vill g√§rna att du b√∂rjar s√• snart som m√∂jligt och vikariatet str√§cker sig till 31 augusti 2026.

Vi satsar p√• din personliga utveckling och erbjuder m√∂jlighet till ett stort engagemang p√• arbetsplatsen genom till exempel friskv√•rdsgrupp och kundaktiviteter. Vi har mycket n√∂jda medarbetare vilket vi √§r otroligt stolta och glada √∂ver. Vi ser att du √§r en lagspelare som kommer att jobba i ett starkt och st√∂ttande team.

Hos oss arbetar personer med olika bakgrund, erfarenhet och i alla √•ldrar som har ett stort samh√§llsengagemang och som vill f√∂rverkliga sparbanksid√©n.

Rollen inneb√§r att du

har en h√∂g serviceniv√• i alla kundm√∂ten. 
hanterar enklare f√∂retags- och privat√§renden. 
h√•ller dig uppdaterad om den digitala utvecklingen och kan p√• ett pedagogiskt s√§tt beskriva hur de digitala tj√§nsterna anv√§nds. Bidrar aktivt till att kunderna n√•r en optimal digitaliseringsgrad. 
deltar i kundtr√§ffar och event. 


Vi ser g√§rna att du har h√∂gskoleutbildning inom ekonomi. Har du tidigare erfarenhet av s√§lj, kundservice och/eller bank √§r det meriterande.

Vi ser fram emot din ans√∂kan!

Anst√§llningsform: tidsbegr√§nsad anst√§llning | Anst√§llningens omfattning: heltid | Antal lediga befattningar: 1 | Syssels√§ttningsgrad: 100 % | Ort: V√•rg√•rda | L√§n: V√§stra G√∂talands l√§n | Land: Sweden | Referensnummer: 2025/17 | Kontakt: Benjamin Bolin Kontorschef 0322-666891benjamin.bolin@sparbankenalingsas.se, Emeli Ryman, HR Partner 0322-78701emeli.ryman@sparbankenalingsas.se, | Facklig f√∂retr√§dare: Oscar Molneryd, Finansf√∂rbundet 0322-666884oscar.molneryd@sparbankenalingsas.se, | Publicerat: 2025-08-06 | Sista ans√∂kningsdag: 2025-08-27",https://www.linkedin.com/jobs/search/?currentJobId=4280768109&keywords=&location=Sweden&start=0
Examensarbete inom klimatanpassning och social h√•llbarhet,AFRY,"Stockholm, Stockholm County, Sweden",Reposted 11 hours ago,51 people clicked apply,N/A,"About the job
F√∂retagsbeskrivning

AFRY erbjuder tj√§nster inom teknik, design, digitalisering och r√•dgivning. Vi √§r h√§ngivna experter inom industri, energi- och infrastruktur, som skapar v√§rde f√∂r kommande generationer. AFRY har en global r√§ckvidd med djupa r√∂tter i Norden. Tillsammans accelererar vi omst√§llningen till ett mer h√•llbart samh√§lle.

Jobbeskrivning

√Ñr du intresserad av att utforska hur framtidens samh√§llen kan bli mer motst√•ndskraftiga mot klimatf√∂r√§ndringar samtidigt som klimatr√§ttvisa s√§kerst√§lls? Vi p√• AFRY s√∂ker studenter som skriver sitt examensarbete och som vill bidra till framtidens l√∂sningar inom social h√•llbarhet och klimatanpassning.

Hos oss f√•r du m√∂jlighet att f√• insikt och kunskap inom aktuella utmaningar i gr√§nslandet mellan samh√§llsplanering, klimat och social h√•llbarhet. Vi √§r √∂ppna f√∂r egna id√©er och formar g√§rna examensarbetet tillsammans med dig utifr√•n dina intressen och v√•r verksamhet.

Kvalifikationer

Vi s√∂ker dig som:

Studerar p√• masterniv√• inom samh√§llsplanering, milj√∂vetenskap, h√•llbar utveckling eller liknande, och skriver sitt examensarbete p√• svenska eller engelska 
Har ett intresse f√∂r sociala fr√•gor, klimatfr√•gor och systemf√∂r√§ndring 
Vill g√∂ra skillnad genom forskning och analys i praktiken 


Start: Enligt √∂verenskommelse, g√§rna h√∂stterminen 2025

Plats: Vi som kommer handleda dig sitter i Stockholm och G√∂teborg. Hybridl√∂sningar √§r m√∂jligt.

Ytterligare information

Vi erbjuder:

Ett sammanhang d√§r kunskap till√§mpas i praktiken och med specialister inom klimatanpassning, riskhantering, samh√§llsplanering och social h√•llbarhet 
Kontorsplats, om s√• √∂nskas 
Kontakter till kommande arbetsliv


Arbetsspr√•k √§r svenska eller engelska. L√•ter det intressant? Skriv till oss med en kort presentation av dig sj√§lv och vad du studerar samt skulle vara intresserad att skriva om, s√• tar vi det d√§rifr√•n.

V√§lkommen att visa ditt intresse, g√§rna innan 2025-09-15

Vi ber om √∂verseende, p√• grund av semestertider s√• kan √•terkoppling dr√∂ja n√•got.

Kontaktperson f√∂r fr√•gor:

Jennie Bj√∂rstad, Social H√•llbarhetstrateg

jennie.bjorstad@afry.com

P√• AFRY driver vi f√∂r√§ndring i allt vi g√∂r. Vi anser att f√∂r√§ndring sker n√§r modiga id√©er m√∂ts, n√§r vi samarbetar, skapar innovation och omfamnar kreativa l√∂sningar, det √§r s√• vi skapar framtiden. Vi s√∂ker konstant kvalificerade kandidater som vill ansluta sig till v√•ra inkluderande team runt om i v√§rlden. Bli en del av oss och p√•skynda den gr√∂na omst√§llningen",https://www.linkedin.com/jobs/search/?currentJobId=4258215236&keywords=&location=Sweden&start=0
Design Assistant,J.LINDEBERG,"Stockholm, Stockholm County, Sweden",Reposted 1 week ago,Over 100 people clicked apply,N/A,"About the job
We are looking for two creative Design Assistants to support across key product categories and concepts in the beginning of your career who is interested of working with a global lifestyle brand in a learning environment. As a Design Assistant at J.Lindeberg, you provide focused creative and operational support to the Designers for Men‚Äôs and Women‚Äôs across the brand‚Äôs most strategically important categories such as Outerwear, Jersey, Knits and Accessories. You play a key role in enabling creative excellence by handling essential design tasks and coordination, ensuring processes run smoothly and allowing the Designers to focus on storytelling, innovation, and product leadership. This is a hands-on, detail-oriented role with exposure to the full design lifecycle, ideal for someone organized, curious, and passionate about the intersection of performance and fashion. The role also requires strong coordination skills, cross-functional collaboration, and support in driving PLM accuracy and milestone readiness. Operational reporting on daily activities is made to Senior Designer/Designer, overall reporting line is to the Head of Design.

Areas of Responsibility

Tech Pack Support: Help prepare and update tech packs based on direction from the Senior Designer/Designer.
3D Modeling & File Cleanup: Assist with base modeling, style clean-up, and repetitive tasks in 3D workflows.
Color-Ups & Variations: Apply seasonal colorways and variations to existing designs.
Research: Conduct seasonal trend, fabric, and market research to support design development.
Line Sheet Management: Keep internal line sheets and collection overviews up to date throughout the season.
Sample Tracking: Coordinate and track sample development and deliveries in collaboration with Production and Development teams.
Meeting Recaps & Follow-Ups: Take notes during fittings and design meetings, assist with documentation and next steps.
Design Admin & Coordination: Organize assets, maintain file hygiene, and support communication across teams and tools.
PLM Maintenance: Ensure timely and accurate updates of all product data in the PLM system throughout the design process.
Milestone Support: Help ensure design assets and documentation are prepared and delivered on time for all key calendar meetings and deadlines.
Cross-Functional Collaboration: Communicate clearly and reliably with Product Development and Merchandising to ensure alignment across design needs and seasonal timelines.

You should have a Bachelor‚Äôs degree in fashion or related field and if you have an interest in Active wear, Golf wear and or RTW you would fit right in. To be successful in this role you need to be proficient in Illustrator and Photoshop and have a thorough understanding in colour. You will be working with colleagues on all levels so you need to appreciate collaboration and have a team oriented approach.

We are despite our size a very entrepreneurial company, so you should enjoy working in a very dynamic and flexible environment and be able to think on your feet.

You will be offered the possibility to work with a global lifestyle brand in a learning environment where you will get the opportunity to grow.

Qualifications

Bachelor‚Äôs degree in Fashion, Graphic Design or similar/related field
Proficient in Illustrator, Photoshop, PLM, CLO 3D
Strong eye for layout, color, typography, and attention to detail
Ability to manage multiple projects and meet deadlines in a dynamic environment.
Excellent communication and collaboration skills.
Knowledge of design principles and current trends in digital and print media.
Fluent in English

Founded in Stockholm 1996, J.Lindeberg inspires unconventional thinkers to live life to the fullest. The international fashion house bridges fashion and sport, offering sophisticated, edgy and comfortable products for a modern active lifestyle. The collections bring together creativity and Scandinavian progressiveness ‚Äì for innovative fashion and outdoor lifestyle wear that is sustainable and delivered through a customer-focused, seamless experience.

With headquarters in Stockholm, Sweden, the distribution covers more than 35 countries. There are 157 J.Lindeberg stores in several of the major fashion capitals of the world, such as Copenhagen, New York, Tokyo, Hong Kong and Shanghai. The wholesale distribution features close to 2000 stores, including the leading high-end department and specialty stores around the world.",https://www.linkedin.com/jobs/search/?currentJobId=4251646284&keywords=&location=Sweden&start=0
Leader Transport Malm√∂,HAVI,"Malmo, Sk√•ne County, Sweden",1 week ago,32 people clicked apply,N/A,"About the job
Full/Part-time: Full time

Job Category: Transport

City:

Bli v√•r nya Transportledare

Location: Malm√∂, Sweden

Type: Heltid, tillsvidare

Workplace: P√• plats

P√• HAVI tror vi p√• att rekrytera m√§nniskor ‚Äì inte bara CV:n. Om du gillar att leda, ta ansvar och bidra till utveckling ‚Äì d√• kan detta vara ditt n√§sta steg.

Vi s√∂ker nu en Transportledare till v√•rt team i Malm√∂. I den h√§r rollen kombinerar du det operativa ansvaret f√∂r den dagliga driften med tydligt ledarskap och viljan att bidra till v√•rt nationella planeringssystem. Du coachar ett team p√• cirka 12-14 chauff√∂rer och samarbetar t√§tt med kollegor inom hela logistikverksamheten.

Om rollen

Du blir en del av ett erfaret team och arbetar n√§ra planering, kundservice och lager. Tillsammans ser ni till att v√•ra transporter fungerar ‚Äì varje dag. Du bidrar ocks√• till utvecklingen av v√•ra arbetss√§tt i n√§ra samarbete med √∂vriga distributionscentraler.

Rollen kr√§ver att du trivs med ansvar, har god √∂verblick ‚Äì och √§r en ledare som andra k√§nner sig trygga med.

Dina ansvarsomr√•den:

Operativt ansvar f√∂r lokal transportavdelning
Personalansvar f√∂r ca 12-14 chauff√∂rer inkl. schema, uppf√∂ljning och samtal
T√§tt samarbete med andra transportledare och logistikteam
Utveckling av v√•ra arbetss√§tt tillsammans med kollegor i v√•ra √∂vriga DC.
Uppf√∂ljning av nyckeltal och f√∂rb√§ttringsarbete
S√§kerst√§lla att lagar, regler och riktlinjer f√∂ljs

Vi tror att du:

Har erfarenhet av transportledning eller logistik
√Ñr en trygg ledare med god kommunikationsf√∂rm√•ga
Trivs i team men driver g√§rna sj√§lvst√§ndigt
Har god systemvana ‚Äì Paragon eller liknande √§r meriterande
Du talar och skriver svenska obehindrat och beh√§rskar engelska i b√•de tal och skrift

‚ÄúVi letar efter n√•gon som b√•de gillar att f√• saker att h√§nda ‚Äì och att f√• m√§nniskor att v√§xa.

Rollen kr√§ver b√•de struktur och lyh√∂rdhet, men framf√∂r allt en vilja att leda i vardagen och g√∂ra skillnad p√• riktigt.‚Äù

‚Äî  Thomas Hindberg, DC Manager Operation Malm√∂

D√§rf√∂r kommer du trivas hos oss:

En viktig roll i en verksamhet med h√∂gt tempo och stort engagemang
M√∂jlighet att p√•verka arbetss√§tt och utveckla andra
Ett team med stark sammanh√•llning
Kollektivavtal och goda anst√§llningsvillkor

Vi g√•r igenom ans√∂kningar l√∂pande, s√• v√§nta inte f√∂r l√§nge om detta l√•ter som r√§tt roll f√∂r dig.

V√§nligen skicka in din ans√∂kan, inklusive CV och ett kort personligt brev. Vi tar inte emot ans√∂kningar via e-post.

Om du har n√•gra fr√•gor om tj√§nsten √§r du v√§lkommen att kontakta rekryterande chef Thomas Hindberg p√• thomas.hindberg@havi.com.

Om HAVI

HAVI √§r ett globalt, privat√§gt f√∂retag som fokuserar p√• att utveckla, optimera och hantera leveranskedjor √•t ledande varum√§rken. I Sverige har HAVI cirka 220 medarbetare och v√•r verksamhet omfattar b√•de logistik och huvudkontor i Tumba. Vi arbetar med v√§lk√§nda kunder som McDonald‚Äôs, Espresso House, Pizza Hut och Subway och levererar p√•litliga, effektiva och h√•llbara l√∂sningar inom supply chain. P√• HAVI kombinerar vi globala styrkor med en stark lokal n√§rvaro ‚Äì och vi gl√∂mmer aldrig att det √§r v√•ra medarbetare som √§r nyckeln till allt vi g√∂r.

Keywords: Transportledning, logistik, chauff√∂rsansvar, Paragon, planering, schemal√§ggning, ledarskap, operativ drift, f√∂rb√§ttringsarbete, supply chain, transportkoordinator, distribution, fleet management",https://www.linkedin.com/jobs/search/?currentJobId=4273201361&keywords=&location=Sweden&start=0
Vi s√∂ker nu Produktionsst√∂d till X2000!,EuroMaint Rail AB,"Gothenburg, V√§stra G√∂taland County, Sweden",2 weeks ago,8 people clicked apply,N/A,"About the job
V√•ra v√§rderingar 

Professionalism ‚Äì Vi str√§var efter h√∂g kvalitet, innovation och resultat.

F√∂rtroende ‚Äì Vi arbetar med √§rlighet, integritet och laganda.

H√•llbarhet ‚Äì Vi tar ansvar f√∂r m√§nniskor, milj√∂ och framtid.

Om Euromaint

Euromaint erbjuder kvalificerat tekniskt underh√•ll som tillgodoser kundernas behov av v√§l fungerande fordonsflottor. Vi har ett n√§t av verkst√§der fr√•n Lule√• i norr till Malm√∂ i s√∂der. Hos oss arbetar m√•nga av Sveriges fr√§msta specialister inom underh√•ll av j√§rnv√§gsfordon. Euromaint har en oms√§ttning p√• ca 1 500 MSEK och cirka 1000 medarbetare (2021). Euromaint √§gs av den b√∂rsnoterade spanska t√•gtillverkaren CAF sedan juli 2019.

Vill du bli en nyckelperson i underh√•llet av Sveriges mest ikoniska snabbt√•g ‚Äì SJ:s X2000? √Ñr du strukturerad, l√∂sningsorienterad och trivs i en koordinerande roll d√§r b√•de teknik och m√§nniskor st√•r i fokus? D√• √§r det h√§r din n√§sta utmaning.

P√• v√•r anl√§ggning i Olskroken, G√∂teborg, s√∂ker vi nu dig som vill bidra till att v√•ra snabbt√•g rullar tryggt, punktligt och med h√∂g teknisk kvalitet ‚Äì varje dag.

Om rollen

Som Produktionsst√∂d √§r du navet i v√•r dagliga verksamhet. Du arbetar n√§ra servicetekniker, planerare, lagerpersonal och kund ‚Äì och s√§kerst√§ller att underh√•llsarbetet sker effektivt och enligt plan.

Rollen kombinerar b√•de operativa och strategiska arbetsuppgifter. Ena dagen leder du planeringsm√∂ten, andra dagen f√∂ljer du upp serviceorder eller best√§ller material. Oavsett uppgift √§r ditt m√•l detsamma: att bidra till ett v√§lfungerande, kvalitetss√§krat underh√•ll av X2000.

Exempel P√• Arbetsuppgifter

Planera och f√∂rdela dagliga uppgifter till tekniker
F√∂lja upp serviceorder och s√§kerst√§lla korrekt dokumentation
Kontrollera beh√∂righet och resurstillg√•ng f√∂r teknikpersonal
Utf√∂ra slutkontroller av fordon inf√∂r frisl√§pp
Ansvara f√∂r materialbest√§llningar kopplade till underh√•llsorder
Delta i kundm√∂ten och f√∂resl√• tekniska f√∂rb√§ttrings√•tg√§rder
Vara kontaktperson mot b√•de leverant√∂rer och interna funktioner
Driva och delta i f√∂rb√§ttringsarbete enligt Lean-principer

Vem √§r du?

Vi s√∂ker dig som har ett strukturerat arbetss√§tt, ett starkt tekniskt intresse och f√∂rm√•ga att se helheten i en komplex produktionsmilj√∂. Du √§r kommunikativ, tar egna initiativ och trivs med att samarbeta √∂ver olika funktioner.

Vi Tror Att Du Har

Gymnasieutbildning med teknisk inriktning
Eftergymnasial utbildning (YH/KY eller liknande) inom teknik, produktion eller logistik
Minst 3‚Äì4 √•rs erfarenhet fr√•n verkstad, produktion eller underh√•llsarbete
Tidigare erfarenhet av planering, arbetsledning eller samordning
God systemvana, s√§rskilt inom aff√§rssystem och serviceorderhantering
Erfarenhet av f√∂rb√§ttringsarbete enligt Lean-principer

Meriterande

Truckkort eller annan intern beh√∂righet
Erfarenhet fr√•n j√§rnv√§gsbranschen eller liknande teknisk industri

Vad vi erbjuder

En ansvarsfull roll i en h√∂gteknologisk milj√∂
Kollegor med h√∂g kompetens och stort engagemang
M√∂jligheter till kontinuerlig utveckling och utbildning
En arbetskultur d√§r f√∂rb√§ttringsarbete och samarbete st√•r i centrum
Trygga anst√§llningsvillkor enligt kollektivavtal

√ñvrig information

Anst√§llningsform: Heltid, med provanst√§llning
Placeringsort: Olskroken, G√∂teborg
Bakgrunds- och ID-kontroll genomf√∂rs inf√∂r anst√§llning",https://www.linkedin.com/jobs/search/?currentJobId=4268545243&keywords=&location=Sweden&start=0
Hemst√§d 2 dagar i veckan i √ñrebro!,AB FAGERS HEMSERVICE,"√ñrebro, √ñrebro County, Sweden",3 days ago,0 people clicked apply,N/A,"About the job
This job is sourced from a job board. Learn More
Vi s√∂ker dig som har viljan och kan st√§da! 

Du √§r enkel, p√•litlig, r√∂kfri, v√§lv√•rdad, serviceinriktad och talar flytande svenska.

De flesta av v√•ra kunder bor i centrala √ñrebro, s√• bra √§r om du sj√§lv bor i √ñrebro, och har erfarenhet av hemst√§d.

Arbetet g√§ller tv√• dagar i veckan, endast vardagar, dagtid.

Om det ovanst√•ende st√§mmer in p√• dig s√• har du god chans att f√• ett mycket fritt och trivsamt arbete.

Skriv lite om dig sj√§lv och varf√∂r vi ska anst√§lla just dig och krav √§r att du meds√§nder ett foto p√• dig sj√§lv!

Mejla ans√∂kan till yf@telia.com

Tilltr√§de omg√•ende!

#jobbjustnu",https://www.linkedin.com/jobs/search/?currentJobId=4281142559&keywords=&location=Sweden&start=0
"Greeter Hubhult, Ingka AB",IKEA,"Malmo, Sk√•ne County, Sweden",4 days ago,50 people clicked apply,N/A,"About the job

SER DIN JOBB-√ñNSKELISTA UT S√Ö H√ÑR? 

‚Ä¢ F√• ge v√•r kund b√§sta m√∂jliga service och support 
‚Ä¢ Arbeta och l√∂sa uppgifterna tillsammans som ett team 
‚Ä¢ Jobba i en milj√∂ d√§r ingen dag √§r den andra lik och du f√•r frihet under ansvar 
‚Ä¢ M√∂jlighet att v√§xa i ditt uppdrag 

H√§rligt, d√• har jag goda nyheter! 

Mitt namn √§r Jeanette S√§llstr√∂m och jag √§r Team leader p√• Ingka AB. Jag s√∂ker nu en kollega till receptionen p√• Hubhult. Vi √§r ett team p√• fyra personer som arbetar tillsammans f√∂r att supportera verksamheten. 

Hos oss f√•r du m√∂jlighet att arbeta med din passion f√∂r service och support tillsammans med h√§rliga kollegor i en utvecklande milj√∂. Vi √§r ett team som st√∂ttar och utmanar varandra att utvecklas. 

 
V√ÖR √ñNSKELISTA 
Jag och mina kollegor har s√•klart ocks√• n√•gra √∂nskem√•l: 

‚Ä¢ Du √§r √∂ppen, social och service minded 
‚Ä¢ Du √§r proaktiv och flexibel i ditt arbetss√§tt 
‚Ä¢ Du trivs med att ha m√•nga varierande uppgifter p√• g√•ng samtidigt 
‚Ä¢ Relevant utbildning inom kundservice/erfarenhet av reception eller motsvarande
‚Ä¢ Goda kunskaper i svenska och engelska, b√•de i tal och i skrift. Du kan delge information p√• ett korrekt s√§tt med ett leende p√• l√§pparna 
‚Ä¢ God datorvana i olika IT-system, fr√§mst Outlook kalendern och Teams 

Eftersom du kommer att jobba i ett team tror vi att du √§r en duktig relationsbyggare som g√§rna delar med dig av kunskap och samarbetar med andra, s√• v√§l kollegor som bes√∂kare. Du √§r van vid att arbeta mot deadlines och har f√∂rm√•gan att prioritera och planera ditt arbete. Du √§r initiativtagande, ser m√∂jligheter och tycker om f√∂r√§ndringar. 

Men viktigast av allt, du delar v√•ra v√§rderingar och visar det i vardagen genom ditt s√§tt att vara. 

 
EN DAG I LIVET MED OSS! 
Tillsammans med √∂vriga i teamet kommer du att ge support f√∂r att kollegor och bes√∂kare skall f√• en b√§ttre arbetsdag. 
Dina huvudsakliga arbetsuppgifter √§r: 

‚Ä¢ Vara f√∂rsta kontakten p√• Hubhult och ge ett varmt v√§lkomnande 
‚Ä¢ Supportera registrering av bes√∂kare och s√§kerst√§lla s√§kerhetskraven vid inpassering 
‚Ä¢ Svara p√• och hantera √∂nskem√•l via √§rendehanteringssystemet 
‚Ä¢ Hantera ID-kort, l√•na ut kontorsmaterial, g√∂ra blombest√§llningar och hj√§lpa till att boka m√∂tesrum 
‚Ä¢ Samarbeta med √∂vriga support-funktioner 
‚Ä¢ Facilitera onboarding f√∂r nya medarbetare 
‚Ä¢ Vara en del av det interna r√§ddningsteamet och f√∂lja rutiner inom Safety and Security 

 Inom Workplace Operations str√§var vi alltid efter att bli lite b√§ttre och hitta nya smartare s√§tt att genomf√∂ra v√•ra uppgifter, d√§rf√∂r ser vi att du som person gillar utmaningar och drivs av att identifiera och genomf√∂ra f√∂rb√§ttringar. 

 
V√ÖRT TEAM P√Ö IKEA 
Ingka AB √§r ett servicebolag som levererar tj√§nster och kompetens inom HR, Finance, Legal, Workplace och Real Estate till andra IKEA bolag. P√• s√• s√§tt kan de fokusera p√• sin k√§rnverksamhet. Och tillsammans bidrar vi till att skapa en b√§ttre vardag f√∂r de m√•nga m√§nniskorna! 

 
FR√ÖGOR OM TJ√ÑNSTEN? ‚Äì L√ÖT OSS KNYTA KONTAKT! 

Tj√§nsten vi erbjuder √§r en tillsvidare heltidsanst√§llning med provanst√§llning sex m√•nader. 
Startdatum snarast eller enligt √∂verenskommelse. 

Arbetstiden √§r dagtid, m√•ndag-fredag med placeringsort Malm√∂. 

Har du fr√•gor om tj√§nsten √§r du v√§lkommen att kontakta Team Leader Jeanette S√§llstr√∂m, jeanette.sallstrom@ingka.ikea.com 

Har du fr√•gor om rekryteringsprocessen kontakta rekryterare Rina Cindrak, Rina.cindrak@ingka.ikea.com 

F√∂r att f√∂lja de grundl√§ggande principerna inom GDPR ber vi er v√§nligen att inte skicka in ans√∂kningar via mail. Ans√∂kningar b√∂r ske endast via IKEAs hemsida. 



Vi ser fram emot din ans√∂kan!",https://www.linkedin.com/jobs/search/?currentJobId=4280133750&keywords=&location=Sweden&start=0
Arbetsledare skiduthyrning,BRAN√ÑS FRITIDSCENTER AB,"Torsby, V√§rmland County, Sweden",5 days ago,0 people clicked apply,N/A,"About the job
This job is sourced from a job board. Learn More
Uppt√§ck allt det fantastiska en vinters√§song i Bran√§s har att erbjuda! P√• Sveriges fj√§rde st√∂rsta skidanl√§ggning s√∂ker vi nu nya kollegor till vinters√§songen. H√§r v√§ntar en sp√§nnande och h√§ndelserik arbetsplats med skid√•kning i toppklass och en idyllisk vintermilj√∂ precis utanf√∂r d√∂rren. Skapa minnen f√∂r livet ‚Äì s√∂k vinterns roligaste jobb i Bran√§s nu! 

Om avdelningen

I Bran√§s har vi tv√• skiduthyrningar som √§r placerade i Bran√§s By och Bran√§s Berg. Vi jobbar med onlinebokning d√§r v√•ra g√§ster f√∂rbokar och sedan kommer till oss och h√§mtar produkterna f√§rdigjusterade. I skiduthyrningen ing√•r ocks√• logistikavdelningen.

Om rollen

P√• avdelningen arbetar du i ett stort team d√§r du √§r den n√§rmsta kontakten f√∂r medarbetarna. En viktig del av din roll √§r att kunna motivera, engagera och ge feedback till dina kollegor. I din roll ser du till att g√§stens m√∂te med oss alltid motsvarar v√•ra m√•l g√§llande rutiner, arbetsfl√∂den, effektivitet och service.

Urval av arbetsuppgifter

Motivera och leda arbetsgruppen
Arbete i daglig verksamhet
F√∂rvaltning av timmar och schema 

Vi erbjuder‚Ä¶

En inspirerande arbetsplats med en h√§rlig sammanh√•llning d√§r du f√•r chansen att uppleva en vinter som du sent kommer att gl√∂mma.

S√§songsboende 
Gratis s√§songsliftkort
Gratis s√§songshyra av skidutrustning p√• nyb√∂rjarniv√•
Rabatt p√• boende f√∂r familj och v√§nner 
F√∂rm√•nliga priser i skiduthyrning, butiker & restauranger. 

Vi s√∂ker dig som √§r‚Ä¶

√Ñlskar att jobba med m√§nniskor 
Serviceinriktad
Vana att jobba i h√∂gt tempo
Flexibel
Strukturerad
Intresse f√∂r skid√•kning 

Att du √§r glad, positiv och serviceinriktad ser vi som en sj√§lvklarhet. I Bran√§s tror vi att glada medarbetare leder till glada g√§ster.

Krav

Bekv√§m med b√•de engelska och svenska spr√•ket 
B-k√∂rkort 

Meriterande

Erfarenhet av ledarroll 
Erfarenhet av serviceyrke
Bokningsystem- & Kassavana
Arbete i skiduthyrning
Tillg√•ng till bil

Ans√∂k

Detta √§r en s√§songsanst√§llning mellan december och april och tj√§nsten g√•r under HRF:s kollektivavtal. Sista ans√∂kningsdag √§r den 1 september, men urval sker l√∂pande s√• skicka g√§rna in din ans√∂kan redan idag. Har du fr√•gor? Kontakta Skiduthyrningschef, Oliver Skullman, oliver.skullman@branas.se",https://www.linkedin.com/jobs/search/?currentJobId=4280013133&keywords=&location=Sweden&start=0
"Enhetschefer till lokalv√•rden, avdelning Service.","√Ñldre samt v√•rd- och omsorgsf√∂rvaltningen, G√∂teborgs Stad","Gothenburg, V√§stra G√∂taland County, Sweden",Reposted 3 weeks ago,11 people clicked apply,N/A,"About the job
Arbetsbeskrivning

Varje dag g√∂r vi det m√∂jligt f√∂r andra att g√∂ra sitt b√§sta genom rena lokaler som h√•ller h√∂g standard, √§r trygga att vistas i och fungerar i l√§ngden. Nu s√∂ker vi dig som vill leda detta viktiga uppdrag som enhetschef inom lokalv√•rd.

Avdelningen Service √§r en del bakom tusentals vardags√∂gonblick i G√∂teborg. Som enhetschef blir du en viktig del i det maskineri som f√•r allt att fungera. Du ansvarar f√∂r ekonomi, personal och arbetsmilj√∂ men ocks√• f√∂r att m√§nniskor ska trivas, utvecklas och k√§nna sig delaktiga i sitt arbete.

I din roll leder du en serviceinriktad organisation med fokus p√• kvalitet, engagemang och samarbete. Du skapar tydliga strukturer, coachar medarbetare och bidrar till en arbetsmilj√∂ d√§r vi b√•de tar ansvar och hj√§lper varandra fram√•t. Uppdraget inneb√§r ocks√• att utveckla lokalv√•rden i samverkan med andra f√∂rvaltningar och st√∂dfunktioner i staden.

Avdelningen √§r just nu i f√∂r√§ndring. Det betyder att du inte bara kliver in i ett uppdrag, du kliver in i en riktning. Tillsammans med dina chefskollegor √§r du med och bygger en ny struktur, nya arbetss√§tt och en stark kultur d√§r vi vet v√•rt uppdrag, bryr oss, arbetar tillsammans och t√§nker nytt.

Vi s√∂ker en ledare som vet vad det inneb√§r att skapa en j√§mlik och inkluderande arbetsplats. Vi tror p√• ett ledarskap som f√∂renar struktur med v√§rme. Du beh√∂ver kunna v√§va samman vardag och vision, fatta beslut, st√• f√∂r dem och samtidigt h√•lla en √∂ppen d√∂rr. Hos oss g√∂r du skillnad varje dag, i det lilla och det stora.

Kvalifikationer

Vi s√∂ker dig som har h√∂gskoleutbildning om minst 120 h√∂gskolepo√§ng relevant f√∂r tj√§nsten. Du har tidigare arbetat som enhetschef med erfarenhet av att leda med fullt ansvar f√∂r budget, personal och verksamhet och vana att samverkan med fackliga parter. Har du √§ven erfarenhet som enhetschef inom lokalv√•rd, i synnerhet inom offentlig f√∂rvaltning √§r det meriterande. Vi ser att du har goda kunskaper inom systematiskt arbetsmilj√∂arbete och rehabilitering.

Du tar ansvar f√∂r b√•de egna och gemensamma arbetsuppgifter, och h√•ller fokus p√• uppdraget och de vi √§r till f√∂r. Du ser till att arbetet genomf√∂rs med kvalitet och f√∂ljer upp resultat p√• ett systematiskt s√§tt. Du har en positiv inst√§llning till f√∂r√§ndring och skapar utrymme f√∂r nya id√©er. Du kommunicerar tydligt, beskriver f√∂r√§ndringar p√• ett begripligt s√§tt och hanterar inv√§ndningar med professionalism.

Du √§r en ledare som f√•r med dig andra, genom att skapa engagemang, bygga teamk√§nsla och uppmuntra goda prestationer. Du kan ocks√• st√• fast vid fattade beslut, s√§tta gr√§nser och agera tydligt och respektfullt i utmanande situationer.

Vill du vara med och skapa en service som g√∂r skillnad i m√§nniskors vardag och bidra till att skapa v√§rldens b√§sta stad med oss? D√• √§r det dig vi s√∂ker. S√∂k idag!

√ñvrig information

Vi √§r Sveriges st√∂rsta kommunala v√•rd- och omsorgsakt√∂r. Hos oss f√•r du

 En arbetsgivare som fr√§mjar lika r√§ttigheter och m√∂jligheter oavsett bakgrund eller yrkeskompetens
 Trygg anst√§llning
 Meningsfulla arbetsuppgifter
 Heltidsanst√§llning med m√∂jlighet till deltid
 Goda semestervillkor
 Friskv√•rdsbidrag, cykelbidrag samt andra rabatter och erbjudanden

L√§s mer om v√•ra f√∂rm√•ner h√§r https//goteborg.se/wps/portal/start/jobba-i-goteborgs-stad/sa-ar-det-att-jobba-hos-oss/formaner-och-lon

Du ans√∂ker via v√•rt rekryteringssystem i enlighet med GDPR. Har du har skyddade personuppgifter? Ring rekryterande chef f√∂r att f√• reda p√• fler ans√∂kningsalternativ ist√§llet f√∂r att skicka in en ans√∂kan.

I denna rekrytering ans√∂ker du utan personligt brev. N√§r du s√∂ker kommer du f√• svara p√• fr√•gor relevanta f√∂r tj√§nsten. Dina svar blir en viktig del av v√•rt urvalsarbete.

Vi undanber oss erbjudanden om kompetensf√∂rmedling, annonsering och rekryteringshj√§lp. I denna rekryteringsprocess √§r valet av rekryteringskanaler redan best√§mt.

Om √Ñldre samt v√•rd- och omsorgsf√∂rvaltningen

Vi √§r en ledande akt√∂r inom h√§lsa v√•rd och omsorg med h√∂ga ambitioner som erbjuder m√•nga m√∂jligheter till utveckling. Vi s√∂ker dig som tillsammans med 10‚ÄØ000 kollegor vill vara med och g√∂ra det m√∂jligt ‚Äì‚ÄØi b√•de handling och bem√∂tande. 

Vi √§r i en framtidsbransch och d√§rf√∂r √§r det viktigt att visa vad vi st√•r f√∂r och vad du kan f√• uppleva om du blir en del av oss.‚ÄØDet kommer bli en sp√§nnande resa mot v√§rldens b√§sta stad f√∂r ett l√•ngt och v√§rdigt liv. Vi √§r G√∂teborg. V√§lkommen ombord!",https://www.linkedin.com/jobs/search/?currentJobId=4262581849&keywords=&location=Sweden&start=0
Senior Medical Writer,Confidential,European Union,1 day ago,41 applicants,N/A,"About the job
We‚Äôre Hiring: EU-Based Senior Medical Writer
Location: EU-based (UK or Denmark preferred)
Type: Contract (Embedded within a global pharmaceutical company)

We‚Äôre seeking an experienced Senior Medical Writer to join our client team supporting three major regulatory submissions and ongoing program activities for a leading pharmaceutical client.

Key Responsibilities:
Author, review, and finalize high-quality clinical and regulatory documents.
Work across cross-functional teams to ensure timely and compliant submissions.
Adapt quickly to shifting priorities and document types.
Proactively engage with stakeholders to drive documents to completion.

Required Experience:
Proven experience with:
Protocols
Investigator‚Äôs Brochures
CSRs/CTRs
Submission documents (M2.5 Clinical Overview addendums, M2.7 Clinical Summaries‚Äîespecially 2.7.3 & 2.7.4)
Briefing books and ad hoc documents
Track record of working on regulatory submissions.
Ability to work independently while engaging teams proactively.
Fluency in English (written and spoken).

Soft Skills:
Proactive, adaptable, and resourceful in overcoming challenges.
Strong team awareness and ability to collaborate across functions.
Ability to work with urgency while maintaining quality.",https://www.linkedin.com/jobs/search/?currentJobId=4281819835&keywords=&location=Sweden&start=0
Illustrat√∂r,Rejlers,"√ñstersund, J√§mtland County, Sweden",Reposted 2 weeks ago,75 people clicked apply,N/A,"About the job
Vill du vara med och visualisera framtidens tekniska l√∂sningar? P√• Rejlers i √ñstersund s√∂ker vi nu en illustrat√∂r till v√•r rutinerade och l√§rande mekanikgrupp. H√§r f√•r du arbeta i en kreativ milj√∂ d√§r frihet under ansvar, varierande uppdrag och ett tajt team √§r vardag. Vi √§r ett teknikf√∂retag i framkant, med √∂ver 3 000 experter i Norden som tillsammans formar framtidens h√•llbara samh√§lle.

V√§lkommen till en roll d√§r din visuella f√∂rm√•ga g√∂r verklig skillnad!

About The Job

I rollen som illustrat√∂r hos oss arbetar du med att skapa teknisk dokumentation och visuellt material riktat till anv√§ndare inom underh√•ll. Ditt huvudsakliga ansvar blir att ta fram illustrationer som tydligg√∂r komplex teknisk information och som bidrar till √∂kad f√∂rst√•else och effektivitet.

Du kommer arbeta in-house fr√•n v√•rt kontor i √ñstersund, men med visst inslag av kundm√∂ten p√• plats ‚Äì ungef√§r en g√•ng i m√•naden.

Dina arbetsuppgifter kommer fr√§mst att inkludera:

üëâFramtagning av tekniska illustrationer f√∂r manualer och annan dokumentation

üëâVisualisering av mekaniska system och komponenter

üëâBearbetning av bildmaterial i olika format

üëâSamarbete med konstrukt√∂rer, teknikinformat√∂rer och projektledare

üëâS√§kerst√§llande av att illustrationerna m√∂ter kundens krav och tekniska standarder

WHO ARE YOU?

F√∂r att trivas i den h√§r rollen tror vi att du har en stark visuell f√∂rm√•ga i kombination med ett tekniskt intresse. Du har antingen en grafisk utbildning eller en teknisk bakgrund inom exempelvis mekanik, och du drivs av att omvandla teknisk information till tydlig och anv√§ndarv√§nlig grafik. Du √§r nyfiken, metodisk och har en f√∂rm√•ga att s√§tta dig in i komplexa system.

Vi ser g√§rna att du har:

‚úÖErfarenhet av bildhanteringsprogram och grundl√§ggande f√∂rst√•else f√∂r CAD

‚úÖGod kommunikativ f√∂rm√•ga och kan arbeta s√•v√§l sj√§lvst√§ndigt som i team

‚úÖIntresse f√∂r teknik och f√∂rm√•ga att f√∂rst√• mekaniska system

‚úÖGod f√∂rm√•ga att strukturera information visuellt

‚úÖB-k√∂rkort samt goda kunskaper i svenska och engelska

Som person √§r du l√∂sningsorienterad, noggrann och har ett √∂ga f√∂r detaljer. Du tycker om att arbeta strukturerat och trivs i en milj√∂ d√§r du f√•r ta ansvar och bidra till teamets gemensamma framg√•ng. Har du dessutom erfarenhet av Catia V5, ISOdraw eller har ett fordonsintresse ‚Äì d√• √§r det extra meriterande.

What You Get

Hos oss blir du en del av ett erfaret och v√§lkomnande team inom mekanik, d√§r l√§rande och samarbete st√•r i centrum. Vi erbjuder en milj√∂ d√§r du f√•r v√§xa och utvecklas, b√•de tekniskt och personligt. H√§r finns stora m√∂jligheter att p√•verka din vardag och forma din karri√§r i den riktning du √∂nskar.

Rejlers √§r ett bolag d√§r vi tror p√• frihet under ansvar och starkt medarbetarskap. Vi erbjuder konkurrenskraftiga f√∂rm√•ner som friskv√•rdsbidrag, sjukv√•rdsf√∂rs√§kring och ett learning-bidrag f√∂r din kompetensutveckling ‚Äì och inte minst en inkluderande kultur d√§r vi lyfter varandra.

V√§lkommen till Home of the learning minds ‚Äì d√§r din kunskap och nyfikenhet formar framtiden!

üåû Under sommaren tar vi en paus f√∂r att ladda batterierna, vilket inneb√§r att det dr√∂jer lite l√§ngre √§n vanligt innan du f√•r √•terkoppling. Vi uppskattar ditt t√•lamod och h√∂r av oss igen s√• snart vi √§r tillbaka üåû

Som ett kvalitativt led i v√•ra rekryteringsprocesser kommer en bakgrundskontroll genomf√∂ras p√• slutkandidaten. Som en del av bakgrundskontrollen kommer vi √§ven att be dig visa upp ett utdrag fr√•n belastningsregistret.

 Vissa roller kr√§ver √§ven annan kontroll, s√•som t.ex. s√§kerhetspr√∂vning, innan uppdrag hos vissa kunder - om det √§r aktuellt f√∂r tj√§nsten du s√∂kt s√• kommer du att f√• mer information kring det i ett senare skede. Ytterligare information hittar du √§ven h√§r:

Behandling av personuppgifter | Rejlers

Vi granskar ans√∂kningar l√∂pande och tj√§nsten kan komma att bli tillsatt innan sista ans√∂kningsdag.",https://www.linkedin.com/jobs/search/?currentJobId=4261747968&keywords=&location=Sweden&start=0
Timvikarier inom √§ldreomsorg och funktionsst√∂d,Mariestads kommun,"Mariestad, V√§stra G√∂taland County, Sweden",1 week ago,1 person clicked apply,N/A,"About the job
Om arbetsplatsen

Under h√∂sten 2025 beh√∂ver √§ldre- och omsorgsf√∂rvaltningen fylla p√• med timvikarier till de olika verksamheterna.

Har du tid √∂ver och vill bidra till ett meningsfullt arbete f√∂r v√•ra v√•rd- och omsorgstagare? Kan du arbeta p√• oregelbundna tider?

D√• kan du vara en av dem som vi letar efter!

Arbetsuppgifter

Ordin√§rt boende (hemv√•rden)

Det finns nio olika omr√•den inom ordin√§rt boende varav tv√• innefattar landsbygd. Arbetet inneb√§r att st√∂tta personer med olika behov i deras hem. Arbetsuppgifterna √§r varierande och utg√∂rs av exempelvis personlig omv√•rdnad, delegerade sjukv√•rdsuppgifter och serviceinsatser s√•som tv√§tt, matlagning och social samvaro. Stora delar av arbetet utf√∂rs sj√§lvst√§ndigt samtidigt som du har kollegor bara ett telefonsamtal bort.

V√•rd- och omsorgsboende/korttidsboende (√§ldreboende)

Det finns fem v√•rd- och omsorgsboenden och ett korttidsboende d√§r √§ldre brukare bor i sina egna l√§genheter. Boendena har gemensamma utrymmen s√•v√§l inomhus som utomhus f√∂r samvaro och aktiviteter. H√§r arbetar du i team och arbetsuppgifterna utg√∂rs bland annat av personlig omv√•rdnad, st√∂tta vid matsituationer, delegerande sjukv√•rdsuppgifter och att aktivera de boende genom exempelvis pyssel, bingo, promenader och l√§sning.

Gruppbostad

H√§r bor brukare i egna l√§genheter. H√§r arbetar du med att ge pedagogiskt st√∂d, omv√•rdnad och service som bidrar till ett meningsfullt, tryggt och utvecklande liv f√∂r personer med funktionsvariationer. I dina arbetsuppgifter ansvarar du f√∂r omv√•rdnad och st√∂tta denne med personlig hygien, tv√§tt, m√•ltider, st√§dning, samh√§llskontakter och st√∂d vid fritidsaktiviteter. I arbetet anv√§nds ofta alternativa kommunikationss√§tt som bilder, tecken och symboler.

Servicebostad

√Ñr en mellanform mellan sj√§lvst√§ndigt boende i egen l√§genhet och en l√§genhet i gruppbostad. H√§r ger du brukaren st√∂d utifr√•n dennes f√∂ruts√§ttningar. Syftet √§r att erbjuda en grundtrygghet i vardagen d√§r du fungerar som ett socialt st√∂d och hj√§lper de boende att f√• struktur i sin vardag.

Personlig assistent

I denna roll bist√•r du brukaren i hens dagliga livsf√∂ring. Arbetet √§r sj√§lvst√§ndigt och kan ofta innefatta ofta stora omv√•rdnadsuppgifter s√•som personlig hygien, f√∂rflyttningshj√§lp av lift, kateterspolning, PEG-hantering, sondmatning och anv√§ndning av andningsmask. Du √§r brukarens f√∂rl√§ngda arm i vardagen och arbetar personcentrerat p√• ett ansvarsfullt och inspirerande vis.

Daglig verksamhet

P√• daglig verksamhet arbetar deltagare med funktionsvariationer efter individuellt anpassade behov. H√§r finns deltagargrupper inom exempelvis kreativitet och skapande, k√∂k, caf√©, tr√§dg√•rd, dataspel, park och service/cykelgrupp. Du st√∂ttar deltagarna i deras respektive aktiviteter och √§r behj√§lplig i m√•ltidssituationer och vid behov √§ven vid omv√•rdande uppgifter som personlig hygien.

Kvalifikationer

Vi s√∂ker i f√∂rsta hand dig som har en avslutad eller p√•g√•ende omv√•rdnadsutbildning, barnsk√∂tarutbildning eller annan likv√§rdig utbildning. Har du dessutom tidigare arbetslivserfarenhet inom omv√•rdnad och pedagogik √§r det meriterande. Alternativt s√∂ker vi dig med annan likv√§rdig erfarenhet av arbete med m√§nniskor i behov av st√∂d eller erfarenhet fr√•n serviceyrken.

Som person √§r du v√§ldigt positiv och l√∂sningsorienterad, du √§r engagerad och nyfiken i arbetet samt har en h√∂g ansvarsk√§nsla. Vidare ska du vara lyh√∂rd f√∂r v√•rdtagares behov och ha ett genuint intresse f√∂r att hj√§lpa andra m√§nniskor. Det √§r v√§ldigt viktigt att du kan samarbeta p√• ett bra s√§tt med andra kollegor och att du bidrar med arbetsgl√§dje.

Du beh√§rskar svenska spr√•ket i b√•de tal och skrift f√∂r att du ska kunna kommunicera med brukare men √§ven f√∂r att kunna dokumentera h√§ndelser och annan information i arbetet. Viss digital f√∂rm√•ga kr√§vs ocks√• d√• mycket av arbetet - s√•v√§l ditt arbetsschema som dokumentationer, hanteras via appar.

Det √§r meriterande om du har k√∂rkort, likas√• om du erfarenhet och kunskap om alternativa kommunikationss√§tt.

Vi kommer ocks√• att prioritera dig som √§r flexibel - b√•de i att kunna arbeta inom flera omr√•den men ocks√• dig som √§r flexibel g√§llande att arbeta p√• oregelbundna tider, dvs tj√§nstg√∂ring b√•de p√• dagtid, kv√§llar och helger. P√• vissa arbetsst√§llen f√∂rekommer √§ven nattarbete.

P√• grund av Arbetsmilj√∂verkets krav vid omv√•rdnadsarbete kr√§vs det att du √§r 18 √•r.

N√§r du g√∂r din ans√∂kan vill vi ha ett cv d√§r dina tidigare meriter framg√•r. Det personliga brevet kan du d√§remot utesluta, ist√§llet f√•r du besvara n√•gra urvalsfr√•gor. Under rekryteringsprocessen kommer vi ta referenser och innan erbjudande om timvikariat kommer vi att beg√§ra ett utdrag fr√•n belastningsregistret.

Vi l√§gger stor vikt vid personliga egenskaper och goda referenser.

Har du fr√•gor kring timvikariat kontaktar du Resursenheten p√• 0501-75 51 00. Vid fr√•gor eller problem med sj√§lva ans√∂kan kontaktar du Visma Recruit p√• 0771- 693 693.

√ñvrig information

Mariestad √§r framtidskommunen med tydlig riktning, vi ska v√§xa! H√§r finns jobb, gr√∂n omst√§llning, god kommunal service och framtidstro. Detta genomsyrar hela v√•r verksamhet.

Vi st√•r i startgroparna f√∂r en mycket sp√§nnande resa med planerade storsatsningar inom flera omr√•den. Etableringarna kommer att inneb√§ra stora m√∂jligheter f√∂r platsen och organisationen att v√§xa och utvecklas.

Vill du vara med och skapa dr√∂ml√§gen tillsammans? Bli en del av v√•rt lag n√§r vi formar framtidens Mariestad!

Vi hanterar ans√∂kningar digitalt via v√•rt rekryteringsverktyg. Ans√∂kningar som inkommer via e-post eller pappersformat kommer inte att prioriteras. Vid en intervju ska du legitimera dig samt inf√∂r ett anst√§llningserbjudande ber vi dig visa ett utdrag fr√•n polisens belastningsregister.

Inf√∂r rekryteringsarbetet har vi tagit st√§llning till rekryteringskanaler och marknadsf√∂ring. Vi undanber oss d√§rf√∂r best√§mt kontakt med medies√§ljare, rekryteringssajter och liknande.

Undrar du vad som finns att g√∂ra och se n√§r du inte jobbar hos oss? G√• in p√• www.livetiskaraborg.se och uppt√§ck alla Skaraborgs m√∂jligheter!",https://www.linkedin.com/jobs/search/?currentJobId=4277101246&keywords=&location=Sweden&start=0
